{
  "best_epoch": 4,
  "peak_worker_0_memory_MB": 4179.0390625,
  "peak_gpu_0_memory_MB": 3553.2216796875,
  "training_duration": "0:47:17.984498",
  "training_start_epoch": 0,
  "training_epochs": 5,
  "epoch": 5,
  "training__None__ner_precision": 0.9337797619047619,
  "training__None__ner_recall": 0.9273725324606777,
  "training__None__ner_f1": 0.9305651183729675,
  "training__MEAN__ner_precision": 0.9337797619047619,
  "training__MEAN__ner_recall": 0.9273725324606777,
  "training__MEAN__ner_f1": 0.9305651183729675,
  "training__None__relation_precision": 0.8626121635094716,
  "training__None__relation_recall": 0.8304856978306777,
  "training__None__relation_f1": 0.8462441314553991,
  "training_MEAN__relation_precision": 0.8626121635094716,
  "training_MEAN__relation_recall": 0.8304856978306777,
  "training_MEAN__relation_f1": 0.8462441314553991,
  "training_loss": 5.018543716335372,
  "training_worker_0_memory_MB": 4179.0390625,
  "training_gpu_0_memory_MB": 3553.2216796875,
  "validation__None__ner_precision": 0.8186231244483672,
  "validation__None__ner_recall": 0.8778987221959299,
  "validation__None__ner_f1": 0.8472253939255538,
  "validation__MEAN__ner_precision": 0.8186231244483672,
  "validation__MEAN__ner_recall": 0.8778987221959299,
  "validation__MEAN__ner_f1": 0.8472253939255538,
  "validation__None__relation_precision": 0.7411957411957412,
  "validation__None__relation_recall": 0.7605042016806722,
  "validation__None__relation_f1": 0.7507258399004563,
  "validation_MEAN__relation_precision": 0.7411957411957412,
  "validation_MEAN__relation_recall": 0.7605042016806722,
  "validation_MEAN__relation_f1": 0.7507258399004563,
  "validation_loss": 11.548133185640603,
  "best_validation__None__ner_precision": 0.8479561316051845,
  "best_validation__None__ner_recall": 0.8050165641268339,
  "best_validation__None__ner_f1": 0.8259286234522942,
  "best_validation__MEAN__ner_precision": 0.8479561316051845,
  "best_validation__MEAN__ner_recall": 0.8050165641268339,
  "best_validation__MEAN__ner_f1": 0.8259286234522942,
  "best_validation__None__relation_precision": 0.7876838235294118,
  "best_validation__None__relation_recall": 0.7201680672268908,
  "best_validation__None__relation_f1": 0.752414398595259,
  "best_validation_MEAN__relation_precision": 0.7876838235294118,
  "best_validation_MEAN__relation_recall": 0.7201680672268908,
  "best_validation_MEAN__relation_f1": 0.752414398595259,
  "best_validation_loss": 11.2159047349257
}