{
  "best_epoch": 29,
  "peak_worker_0_memory_MB": 4032.34765625,
  "peak_gpu_0_memory_MB": 1873.171875,
  "training_duration": "1:32:27.942233",
  "training_start_epoch": 0,
  "training_epochs": 29,
  "epoch": 29,
  "training__None__ner_precision": 0.9997920781786048,
  "training__None__ner_recall": 0.9997920781786048,
  "training__None__ner_f1": 0.9997920781786048,
  "training__MEAN__ner_precision": 0.9997920781786048,
  "training__MEAN__ner_recall": 0.9997920781786048,
  "training__MEAN__ner_f1": 0.9997920781786048,
  "training__None__relation_precision": 0.9977485928705441,
  "training__None__relation_recall": 0.996813495782568,
  "training__None__relation_f1": 0.9972808251289264,
  "training_MEAN__relation_precision": 0.9977485928705441,
  "training_MEAN__relation_recall": 0.996813495782568,
  "training_MEAN__relation_f1": 0.9972808251289264,
  "training_loss": 0.07761263055100631,
  "training_worker_0_memory_MB": 4032.34765625,
  "training_gpu_0_memory_MB": 1873.171875,
  "validation__None__ner_precision": 0.8052788844621513,
  "validation__None__ner_recall": 0.7616580310880829,
  "validation__None__ner_f1": 0.7828612926652142,
  "validation__MEAN__ner_precision": 0.8052788844621513,
  "validation__MEAN__ner_recall": 0.7616580310880829,
  "validation__MEAN__ner_f1": 0.7828612926652142,
  "validation__None__relation_precision": 0.7459165154264973,
  "validation__None__relation_recall": 0.6972010178117048,
  "validation__None__relation_f1": 0.7207365190705832,
  "validation_MEAN__relation_precision": 0.7459165154264973,
  "validation_MEAN__relation_recall": 0.6972010178117048,
  "validation_MEAN__relation_f1": 0.7207365190705832,
  "validation_loss": 115.63155799209663,
  "best_validation__None__ner_precision": 0.8052788844621513,
  "best_validation__None__ner_recall": 0.7616580310880829,
  "best_validation__None__ner_f1": 0.7828612926652142,
  "best_validation__MEAN__ner_precision": 0.8052788844621513,
  "best_validation__MEAN__ner_recall": 0.7616580310880829,
  "best_validation__MEAN__ner_f1": 0.7828612926652142,
  "best_validation__None__relation_precision": 0.7459165154264973,
  "best_validation__None__relation_recall": 0.6972010178117048,
  "best_validation__None__relation_f1": 0.7207365190705832,
  "best_validation_MEAN__relation_precision": 0.7459165154264973,
  "best_validation_MEAN__relation_recall": 0.6972010178117048,
  "best_validation_MEAN__relation_f1": 0.7207365190705832,
  "best_validation_loss": 115.63155799209663
}