{
  "best_epoch": 23,
  "peak_worker_0_memory_MB": 4220.04296875,
  "peak_gpu_0_memory_MB": 1874.171875,
  "training_duration": "1:34:37.190894",
  "training_start_epoch": 0,
  "training_epochs": 29,
  "epoch": 29,
  "training__None__ner_precision": 0.9994369765641495,
  "training__None__ner_recall": 0.9992260061919505,
  "training__None__ner_f1": 0.999331480243482,
  "training__MEAN__ner_precision": 0.9994369765641495,
  "training__MEAN__ner_recall": 0.9992260061919505,
  "training__MEAN__ner_f1": 0.999331480243482,
  "training__None__relation_precision": 0.997125,
  "training__None__relation_recall": 0.9960044949431889,
  "training__None__relation_f1": 0.996564432506715,
  "training_MEAN__relation_precision": 0.997125,
  "training_MEAN__relation_recall": 0.9960044949431889,
  "training_MEAN__relation_f1": 0.996564432506715,
  "training_loss": 0.3108441944697322,
  "training_worker_0_memory_MB": 4220.04296875,
  "training_gpu_0_memory_MB": 1874.171875,
  "validation__None__ner_precision": 0.7122671804752729,
  "validation__None__ner_recall": 0.7215354586857514,
  "validation__None__ner_f1": 0.7168713639301875,
  "validation__MEAN__ner_precision": 0.7122671804752729,
  "validation__MEAN__ner_recall": 0.7215354586857514,
  "validation__MEAN__ner_f1": 0.7168713639301875,
  "validation__None__relation_precision": 0.618607516943931,
  "validation__None__relation_recall": 0.5746994848311391,
  "validation__None__relation_f1": 0.5958456973293768,
  "validation_MEAN__relation_precision": 0.618607516943931,
  "validation_MEAN__relation_recall": 0.5746994848311391,
  "validation_MEAN__relation_f1": 0.5958456973293768,
  "validation_loss": 232.57840725875673,
  "best_validation__None__ner_precision": 0.7224911261697322,
  "best_validation__None__ner_recall": 0.7283669486011711,
  "best_validation__None__ner_f1": 0.7254171391543819,
  "best_validation__MEAN__ner_precision": 0.7224911261697322,
  "best_validation__MEAN__ner_recall": 0.7283669486011711,
  "best_validation__MEAN__ner_f1": 0.7254171391543819,
  "best_validation__None__relation_precision": 0.632484076433121,
  "best_validation__None__relation_recall": 0.5684029765311963,
  "best_validation__None__relation_f1": 0.5987337955984323,
  "best_validation_MEAN__relation_precision": 0.632484076433121,
  "best_validation_MEAN__relation_recall": 0.5684029765311963,
  "best_validation_MEAN__relation_f1": 0.5987337955984323,
  "best_validation_loss": 169.65248768193598
}