{
  "best_epoch": 24,
  "peak_worker_0_memory_MB": 4179.0390625,
  "peak_gpu_0_memory_MB": 3553.2216796875,
  "training_duration": "3:28:58.973284",
  "training_start_epoch": 0,
  "training_epochs": 29,
  "epoch": 29,
  "training__None__ner_precision": 0.9990501319261214,
  "training__None__ner_recall": 0.9992610577430592,
  "training__None__ner_f1": 0.9991555837027655,
  "training__MEAN__ner_precision": 0.9990501319261214,
  "training__MEAN__ner_recall": 0.9992610577430592,
  "training__MEAN__ner_f1": 0.9991555837027655,
  "training__None__relation_precision": 0.9969278033794163,
  "training__None__relation_recall": 0.9967364177385295,
  "training__None__relation_f1": 0.9968321013727561,
  "training_MEAN__relation_precision": 0.9969278033794163,
  "training_MEAN__relation_recall": 0.9967364177385295,
  "training_MEAN__relation_f1": 0.9968321013727561,
  "training_loss": 0.11560544217624949,
  "training_worker_0_memory_MB": 4179.0390625,
  "training_gpu_0_memory_MB": 3553.2216796875,
  "validation__None__ner_precision": 0.8370267774699908,
  "validation__None__ner_recall": 0.8580217699952674,
  "validation__None__ner_f1": 0.8473942509932226,
  "validation__MEAN__ner_precision": 0.8370267774699908,
  "validation__MEAN__ner_recall": 0.8580217699952674,
  "validation__MEAN__ner_f1": 0.8473942509932226,
  "validation__None__relation_precision": 0.7793991416309013,
  "validation__None__relation_recall": 0.7630252100840336,
  "validation__None__relation_f1": 0.7711252653927811,
  "validation_MEAN__relation_precision": 0.7793991416309013,
  "validation_MEAN__relation_recall": 0.7630252100840336,
  "validation_MEAN__relation_f1": 0.7711252653927811,
  "validation_loss": 39.95621301016616,
  "best_validation__None__ner_precision": 0.8389634428505321,
  "best_validation__None__ner_recall": 0.8580217699952674,
  "best_validation__None__ner_f1": 0.8483855872718764,
  "best_validation__MEAN__ner_precision": 0.8389634428505321,
  "best_validation__MEAN__ner_recall": 0.8580217699952674,
  "best_validation__MEAN__ner_f1": 0.8483855872718764,
  "best_validation__None__relation_precision": 0.7857142857142857,
  "best_validation__None__relation_recall": 0.7579831932773109,
  "best_validation__None__relation_f1": 0.7715996578272029,
  "best_validation_MEAN__relation_precision": 0.7857142857142857,
  "best_validation_MEAN__relation_recall": 0.7579831932773109,
  "best_validation_MEAN__relation_f1": 0.7715996578272029,
  "best_validation_loss": 28.190526216555572
}