{
  "best_epoch": 15,
  "peak_worker_0_memory_MB": 4179.0390625,
  "peak_gpu_0_memory_MB": 3553.2216796875,
  "training_duration": "4:52:15.612598",
  "training_start_epoch": 0,
  "training_epochs": 29,
  "epoch": 29,
  "training__None__ner_precision": 0.9986388709792965,
  "training__None__ner_recall": 0.9983527895151472,
  "training__None__ner_f1": 0.9984958097557483,
  "training__MEAN__ner_precision": 0.9986388709792965,
  "training__MEAN__ner_recall": 0.9983527895151472,
  "training__MEAN__ner_f1": 0.9984958097557483,
  "training__None__relation_precision": 0.9934657270980141,
  "training__None__relation_recall": 0.9895354772843288,
  "training__None__relation_f1": 0.9914967073716515,
  "training_MEAN__relation_precision": 0.9934657270980141,
  "training_MEAN__relation_recall": 0.9895354772843288,
  "training_MEAN__relation_f1": 0.9914967073716515,
  "training_loss": 0.2179577278481883,
  "training_worker_0_memory_MB": 4179.0390625,
  "training_gpu_0_memory_MB": 3553.2216796875,
  "validation__None__ner_precision": 0.7281553398058253,
  "validation__None__ner_recall": 0.7507265095253471,
  "validation__None__ner_f1": 0.739268680445151,
  "validation__MEAN__ner_precision": 0.7281553398058253,
  "validation__MEAN__ner_recall": 0.7507265095253471,
  "validation__MEAN__ner_f1": 0.739268680445151,
  "validation__None__relation_precision": 0.6160287081339713,
  "validation__None__relation_recall": 0.5912743972445464,
  "validation__None__relation_f1": 0.6033977738722905,
  "validation_MEAN__relation_precision": 0.6160287081339713,
  "validation_MEAN__relation_recall": 0.5912743972445464,
  "validation_MEAN__relation_f1": 0.6033977738722905,
  "validation_loss": 71.15773970852592,
  "best_validation__None__ner_precision": 0.7345619139993533,
  "best_validation__None__ner_recall": 0.733613174039393,
  "best_validation__None__ner_f1": 0.7340872374798061,
  "best_validation__MEAN__ner_precision": 0.7345619139993533,
  "best_validation__MEAN__ner_recall": 0.733613174039393,
  "best_validation__MEAN__ner_f1": 0.7340872374798061,
  "best_validation__None__relation_precision": 0.6373973468098547,
  "best_validation__None__relation_recall": 0.5792192881745121,
  "best_validation__None__relation_f1": 0.6069172932330827,
  "best_validation_MEAN__relation_precision": 0.6373973468098547,
  "best_validation_MEAN__relation_recall": 0.5792192881745121,
  "best_validation_MEAN__relation_f1": 0.6069172932330827,
  "best_validation_loss": 23.60136049082076
}